"Gene","Module"
"1700007N18Rik","turquoise"
"Mast2","turquoise"
"Ankrd32","turquoise"
"Ldb2","turquoise"
"Rdhs","turquoise"
"Ak2","turquoise"
"Cdc2a","turquoise"
"Akap13","turquoise"
"2610029K21Rik","turquoise"
"Pa2g4","turquoise"
"2810043G22Rik","turquoise"
"Brp44l","turquoise"
"Gltp","turquoise"
"Spry1","turquoise"
"Eomes","turquoise"
"Ebi3","turquoise"
"Slc38a4","turquoise"
"Srebf2","turquoise"
"Magee1","turquoise"
"Scrg3","turquoise"
"Ccl5","turquoise"
"V1rc13","turquoise"
"Slc7a9","turquoise"
"Snrpa","turquoise"
"Sqle","turquoise"
"C330027C09Rik","turquoise"
"4632419K20Rik","turquoise"
"Col5a3","turquoise"
"BC022744","turquoise"
"Gne","turquoise"
"Serpine1","turquoise"
"Cxcl10","turquoise"
"Tmem25","turquoise"
"Ngfrap1","turquoise"
"1700001C14Rik","turquoise"
"Mcoln1","turquoise"
"Galt","turquoise"
"2600001J17Rik","turquoise"
"Nrarp","turquoise"
"Cdca3","turquoise"
"Sgol2","turquoise"
"D630032B01Rik","turquoise"
"Lsm8","turquoise"
"Rnps1","turquoise"
"Ly108","turquoise"
"Frk","turquoise"
"Pbef1","turquoise"
"Dars","turquoise"
"9930023K05Rik","turquoise"
"BC017158","turquoise"
"Tcf1","turquoise"
"Tle1","turquoise"
"Rps3a","turquoise"
"Myh7","turquoise"
"Surf6","turquoise"
"Hmgb1","turquoise"
"C330018D20Rik","turquoise"
"Top2a","turquoise"
"Gpr48","turquoise"
"4930544G21Rik","turquoise"
"Cd84","turquoise"
"Ctrb","turquoise"
"Rpl3l","turquoise"
"Unc5b","turquoise"
"LOC14433","blue"
"Saa2","blue"
"3110050K21Rik","blue"
"Sulf1","blue"
"Waspip","blue"
"Tank","blue"
"2700081O15Rik","blue"
"Ctso","blue"
"Ltbp1","blue"
"Wbscr18","blue"
"Zfp609","blue"
"Tnnt3","blue"
"Tusc3","blue"
"4921506M07Rik","blue"
"Hccs","blue"
"Mkrn2","blue"
"Hrbl","blue"
"Pkm2","blue"
"2810405K07Rik","blue"
"Cd97","blue"
"Cnga1","blue"
"Onecut1","blue"
"AA175286","blue"
"1700019I23Rik","blue"
"Ing1","blue"
"Prg4","blue"
"Efemp2","blue"
"Sertad2","blue"
"Pscdbp","blue"
"A630056B21Rik","blue"
"0910001A06Rik","blue"
"D7Bwg0611e","blue"
"Itgal","blue"
"2310046G15Rik","blue"
"Cpa1","blue"
"Sorcs3","blue"
"D630024B06Rik","blue"
"Ptprc","blue"
"4933434L15Rik","blue"
"Fabp7","blue"
"Lzp-s","blue"
"Hrh4","blue"
"2810433K01Rik","blue"
"E2f7","blue"
"4933431N12Rik","blue"
"Epha1","blue"
"Pura","blue"
"AB041550","blue"
"Bbox1","blue"
"BC022765","blue"
"1500004O14Rik","blue"
"2810439K08Rik","blue"
"1200003C23Rik","blue"
"Art4","blue"
"C030006K11Rik","blue"
"Ga17","blue"
"Ube2m","blue"
"Sprrl2","blue"
"1810036I24Rik","blue"
"Slc12a8","blue"
"Kif2a","blue"
"AB041803","blue"
"Ctrl","blue"
"Ctps","blue"
"A830073O21Rik","blue"
"Sparc","blue"
"Cdkn1b","blue"
"Flnb","blue"
"Ddx6","blue"
"Naalad2","blue"
"Rtn2","blue"
"Cybb","blue"
"BC055107","blue"
"D13Ertd275e","blue"
"Abcd3","blue"
"A530057A03Rik","blue"
"6330416L07Rik","blue"
"Vil","blue"
"Arhgef9","blue"
"Myo7b","blue"
"Mint","blue"
"Timp1","blue"
"1700029H14Rik","blue"
"Mcoln2","blue"
"Cox7b","blue"
"BC003322","blue"
"Rasa1","blue"
"Samhd1","blue"
"4931406H21Rik","blue"
"Aqp8","blue"
"Cpb1","blue"
"Arhgap9","blue"
"Ripk3","blue"
"Eltd1","blue"
"H2-T10","blue"
"Prkaa2","blue"
"Cd2","blue"
"Grp58","blue"
"1700024P16Rik","blue"
"Tomm34","blue"
"Golph3","blue"
"BC029716","blue"
"Tceb1","blue"
"Lactb2","blue"
"Mg29","blue"
"Acate2","blue"
"Sf3a3","blue"
"4930524B17Rik","blue"
"A630026F04","blue"
"Tgif","blue"
"4933415L06Rik","blue"
"Jun","blue"
"Tpi","blue"
"Dp1","blue"
"Dbil5","blue"
"Azi2","blue"
"Pla2g7","blue"
"Lyzs","blue"
"Pdk2","blue"
"Spnb3","blue"
"Solt","blue"
"Mif","blue"
"1810062O14Rik","blue"
"BC026666","blue"
"Ccr5","blue"
"Spic","blue"
"Tgm5","blue"
"Fignl1","blue"
"Cwf19l2","blue"
"Jak2","blue"
"Cdc20","blue"
"1810045K17Rik","blue"
"Krt1-13","blue"
"1110020L19Rik","blue"
"1810015C04Rik","blue"
"Mogat1","blue"
"Gjb3","blue"
"1200009I06Rik","blue"
"Osbpl5","blue"
"Abcg1","blue"
"Jam2","blue"
"Slc16a1","blue"
"Pip5k1b","blue"
"Mccc1","blue"
"Npn3","blue"
"Fut7","blue"
"Odf2","blue"
"Jarid1a","blue"
"Tubb2","blue"
"5031439A09Rik","blue"
"Cstb","blue"
"Bmp5","blue"
"Myoz1","blue"
"D2Ertd750e","blue"
"Rdh11","blue"
"2810408E11Rik","blue"
"B230208H17Rik","blue"
"D7Ertd462e","blue"
"D4st1","blue"
"Sprrl9","blue"
"4921505C17Rik","blue"
"Krt2-8","blue"
"Tm6sf1","blue"
"Zfp521","blue"
"Pkib","blue"
"Ppic","blue"
"4930469P12Rik","blue"
"Sycn","blue"
"Tagln","blue"
"3222401M22Rik","blue"
"Pprc1","blue"
"6330407D12Rik","blue"
"Ier2","blue"
"5730497N03Rik","blue"
"Porcn","blue"
"Aard","blue"
"Pmaip1","blue"
"Myl3","blue"
"Ngef","blue"
"Rgpr","blue"
"2010309E21Rik","blue"
"BC029214","blue"
"2400010G15Rik","blue"
"Stat4","blue"
"Hsd11b1","blue"
"C330006A16Rik","blue"
"2600017H02Rik","blue"
"Slc25a24","blue"
"Tns","blue"
"BC031181","blue"
"6530402N02Rik","blue"
"Zfp307","blue"
"Pou4f1","blue"
"2410003B16Rik","blue"
"Opa1","blue"
"Ash1l","blue"
"Cat","blue"
"Arsa","blue"
"1110001A05Rik","blue"
"Kif22","blue"
"Adpn","blue"
"Ehd2","blue"
"BB049667","blue"
"Tpte","blue"
"Unc5a","blue"
"Gast","blue"
"AW111922","blue"
"Gtl6","blue"
"Gal3st1","blue"
"Npdc1","blue"
"Casp3","blue"
"Golph4","blue"
"Pkdrej","blue"
"Sdcbp2","blue"
"Cacnb1","blue"
"Gpx4","blue"
"Rps6kb2","blue"
"Sh3bp4","blue"
"Gan","blue"
"Tpm3","blue"
"Rtn1","blue"
"2310069N01Rik","blue"
"LOC210583","blue"
"1110012N22Rik","blue"
"Oasl2","blue"
"Hcls1","blue"
"Kitl","blue"
"Centa2","blue"
"Clps","blue"
"Oit1","blue"
"Brodl","blue"
"Hdac10","blue"
"Pdir","blue"
"Pstpip2","blue"
"Tmc1","blue"
"Odz3","blue"
"AA408451","blue"
"Evl","blue"
"1110002B05Rik","blue"
"Ube2e1","blue"
"Zfp462","blue"
"Zfp261","blue"
"4930443G12Rik","blue"
"Insig1","blue"
"Tshr","blue"
"0610011I04Rik","blue"
"Ube2n","blue"
"Ggta1","blue"
"2810027O19Rik","blue"
"Dlat","blue"
"Dock10","blue"
"Grcc3f","blue"
"Hgf","blue"
"9230112O05Rik","blue"
"3100004P22Rik","blue"
"Topbp1","blue"
"BC051083","blue"
"Hap1","blue"
"Alg8","blue"
"Chpt1","blue"
"Tmem5","blue"
"Mnab","blue"
"Dnmt2","blue"
"LOC210321","blue"
"Bsnd","blue"
"Ppia","blue"
"Acas2","blue"
"Ifi203","blue"
"Klhl13","blue"
"Ssxb2","blue"
"Baiap2","blue"
"2810406C15Rik","blue"
"Plec1","blue"
"Cyp4f13","blue"
"Trib1","blue"
"Slc16a9","blue"
"Ropn1","blue"
"Kif11","blue"
"Fbln2","blue"
"Dscr1l2","blue"
"Actc1","blue"
"Sgce","blue"
"Myo5a","blue"
"4930504E06Rik","blue"
"4921513O04","blue"
"Cyp4f15","blue"
"Prss2","blue"
"serpinb3c","blue"
"4932703L02Rik","blue"
"Actg","blue"
"P2ry6","blue"
"Emr1","blue"
"5830472M02Rik","blue"
"0610013E23Rik","blue"
"Eno1","blue"
"Cadps2","blue"
"Mcm3","blue"
"Serpina1d","blue"
"Ttk","blue"
"1700019B16Rik","blue"
"Asgr2","blue"
"Dpyd","blue"
"A430065P05Rik","blue"
"Fxyd1","blue"
"4930511I11Rik","blue"
"1810030N24Rik","blue"
"Myoz2","blue"
"D030051N19Rik","blue"
"Sec23a","blue"
"Col16a1","blue"
"C230043N17Rik","blue"
"Pea15","blue"
"Psmc6","blue"
"Tagln2","blue"
"Rpl29","blue"
"L259","blue"
"Fusip1","blue"
"Slamf8","blue"
"Atp8b2","blue"
"E030025D05Rik","blue"
"Zfp503","blue"
"Anp32b","blue"
"AU020772","blue"
"Tbx6","blue"
"Bmf","blue"
"2700017M01Rik","blue"
"Cyp2c54","blue"
"Tmeff1","blue"
"A230072C01Rik","blue"
"Slc28a2","blue"
"Hdac1","blue"
"Ltf","blue"
"Pfc","blue"
"Rps6ka4","blue"
"Fhit","blue"
"Tnfsf13b","blue"
"Snrpd1","blue"
"Copb1","blue"
"Glrx1","blue"
"Phf13","blue"
"4933435A13Rik","blue"
"Sftpd","blue"
"Apeg1","blue"
"Mefv","blue"
"1700003E16Rik","blue"
"Pdk4","blue"
"4930431B09Rik","blue"
"Ahcy","blue"
"Rad51","blue"
"Khk","blue"
"Tnfrsf12a","blue"
"A430107O13Rik","blue"
"Copa","blue"
"Plaa","blue"
"Pank3","blue"
"Igsf8","blue"
"Ttid","blue"
"2310058J06Rik","blue"
"Carkl","blue"
"Egr2","blue"
"Tcf19","blue"
"0610039N19Rik","blue"
"Rbl1","blue"
"1110055L24Rik","blue"
"AW011752","blue"
"D10Ucla1","blue"
"Blnk","blue"
"Atp6v0a2","blue"
"Fau","blue"
"Yme1l1","blue"
"Il7r","blue"
"Reg3g","blue"
"Cpd","blue"
"2610529C04Rik","blue"
"AW547365","blue"
"4632428N05Rik","blue"
"Cnn3","blue"
"Tnfaip8","blue"
"9530058O11Rik","blue"
"Cited2","blue"
"Rgl1","blue"
"Jund1","blue"
"D11Bwg0280e","blue"
"4932417D18Rik","blue"
"Kcnk7","blue"
"2810455B10Rik","blue"
"Car12","blue"
"2310034J19Rik","blue"
"Ass1","blue"
"Cpxm1","blue"
"Mki67","blue"
"Gucy1b2","blue"
"Sp100","blue"
"4933414G08","blue"
"BC036563","blue"
"Fbxw2","blue"
"Pde4a","blue"
"Fads2","blue"
"Actn2","blue"
"BC022145","blue"
"Ifi16","blue"
"Dnmt3a","blue"
"B230303A05","blue"
"Nek7","blue"
"4930544G11Rik","blue"
"1110059E24Rik","blue"
"Mgst2","blue"
"Tmsb4x","blue"
"Fmo3","blue"
"Cpeb1","blue"
"2610511M17Rik","blue"
"BC031748","blue"
"2810489O06Rik","blue"
"Nbea","blue"
"Ctrc","blue"
"Fdps","blue"
"Laptm4b","blue"
"Ttpa","blue"
"Mat1a","blue"
"E030006K04Rik","blue"
"Tnfsf8","blue"
"Pou2f1","blue"
"Ell2","blue"
"Wnt6","blue"
"Apln","blue"
"Gpr86","blue"
"Casq1","blue"
"5830411E10Rik","blue"
"Ralgds","blue"
"2610529H08Rik","blue"
"Numbl","blue"
"Sh3d4","blue"
"Gjc1","blue"
"Daam1","blue"
"Foxp1","blue"
"BC019776","blue"
"Mkl1","blue"
"Il22ra2","blue"
"Rcn2","blue"
"6230427J02Rik","blue"
"Lass1","blue"
"Zfp131","blue"
"Slc13a1","blue"
"Rraga","blue"
"Pcdha4","blue"
"Frag1","blue"
"4933424A10Rik","blue"
"Bnip3","blue"
"C81234","blue"
"1500002I11Rik","blue"
"Ppargc1a","blue"
"Ap3s1","blue"
"9030624L02Rik","blue"
"Gpam","blue"
"Cnr2","blue"
"Eprs","blue"
"Pam","blue"
"Evi2a","blue"
"Ifit3","blue"
"Prtn3","blue"
"H2-Eb1","blue"
"H2afz","blue"
"Ski","blue"
"4933428G20Rik","blue"
"Btf3","blue"
"Gpr155","blue"
"Adh6a","blue"
"Myh2","blue"
"1500041B16Rik","blue"
"AI451557","blue"
"Sgol1","blue"
"Reg1","blue"
"Mt2","blue"
"Bing4","blue"
"Akr1b8","blue"
"Hspe1","blue"
"Loxl1","blue"
"Sprr1a","blue"
"Serpina3k","blue"
"Hipk3","blue"
"AI606181","blue"
"Slc27a3","blue"
"Hal","blue"
"4930542G03Rik","blue"
"2600010E01Rik","blue"
"Evi2b","blue"
"Ppm1l","blue"
"4930422J18Rik","blue"
"C920008G01Rik","blue"
"Lum","blue"
"2610510J17Rik","blue"
"4921532K09Rik","blue"
"Pira6","blue"
"Olfr584","blue"
"Agpt2","blue"
"1110031B11Rik","blue"
"Olfr535","blue"
"Sfrs7","blue"
"Cttnbp2","blue"
"Gstm2","blue"
"Kifc3","blue"
"Csf3r","blue"
"Lcp2","blue"
"Rab18","blue"
"Nudt12","blue"
"AA407452","blue"
"E430036I04Rik","blue"
"Olfr957","blue"
"Gtf2a2","blue"
"Gck","blue"
"AI316785","blue"
"Nme2","blue"
"Ldh1","blue"
"Bcas3","blue"
"A630024B12Rik","blue"
"Cntnap2","blue"
"5330440M15Rik","blue"
"Foxa3","blue"
"Sh3bgrl","blue"
"6330403K07Rik","blue"
"Il1rn","blue"
"Panx1","blue"
"E230026N22Rik","blue"
"Cpne2","blue"
"LOC13909","blue"
"Alg3","blue"
"Gp49a","blue"
"Slc39a10","blue"
"BC027127","blue"
"Ms4a6b","blue"
"Dok1","blue"
"Arl10b","blue"
"Gpld1","blue"
"BC031407","blue"
"Kcnq1","blue"
"BC027756","blue"
"Sdro","blue"
"Ifi47","blue"
"Cd3d","blue"
"C130086A10","blue"
"BC029892","blue"
"Pira3","blue"
"Chc1l","blue"
"Ian6","blue"
"Rgn","blue"
"Pcna","blue"
"Itgbl1","blue"
"Taf13","blue"
"E430007K15Rik","blue"
"Try3","blue"
"Gasz","blue"
"Grm6","blue"
"2610510D13Rik","blue"
"Sfrs5","blue"
"Sfxn3","blue"
"Lgi2","blue"
"Impa2","blue"
"Apbb1ip","blue"
"H2-DMb1","blue"
"Pycs","blue"
"Ris2","blue"
"Stmn1","blue"
"Fasn","blue"
"Mark2","blue"
"Tek","blue"
"Kntc2","blue"
"C1qr1","blue"
"Hexa","blue"
"4933434G05Rik","blue"
"9030408N13Rik","blue"
"Glipr1","blue"
"Cyp2d13","blue"
"Stat5a","blue"
"Hprt","blue"
"2900054P12Rik","blue"
"Igsf4a","blue"
"Slc39a14","blue"
"D14Ertd668e","blue"
"Mb","blue"
"Ms4a10","blue"
"Plk1","blue"
"AY053573","blue"
"Myo1a","blue"
"1110019O13Rik","blue"
"1810023F06Rik","blue"
"9030623C06Rik","blue"
"Olfr380","blue"
"1110008L20Rik","blue"
"D530025C17Rik","blue"
"C86987","blue"
"H2-Aa","blue"
"Ccdc3","blue"
"1600029D21Rik","blue"
"2300003P22Rik","blue"
"Il16","blue"
"Hamp","blue"
"Csf2rb2","blue"
"Cxcl14","blue"
"Pcolce","blue"
"Phf11","blue"
"A930006D20Rik","blue"
"A330080J22Rik","blue"
"2610039C10Rik","blue"
"Hexb","blue"
"P2ry1","blue"
"Fzd3","blue"
"Gys2","blue"
"Rps3","blue"
"Nt5e","blue"
"Cldn5","blue"
"Dlgap4","blue"
"Otc","blue"
"Ifng","blue"
"Adamts2","blue"
"Sacm1l","blue"
"4921508E09Rik","blue"
"Uox","blue"
"C1galt1","blue"
"9430067K14Rik","blue"
"Arpc1b","blue"
"Phka1","blue"
"Atp11c","blue"
"4930503L19Rik","blue"
"1300018K11Rik","blue"
"4921537P18Rik","blue"
"Eif1a","blue"
"Sbk","blue"
"Rpl15","blue"
"Lgals4","blue"
"Aif1","blue"
"Ctla2a","blue"
"Cenph","blue"
"4930415F15Rik","blue"
"Dr1","blue"
"4931409K22","blue"
"Nrn1","blue"
"Thbd","blue"
"2010209O12Rik","blue"
"Cox7a2","blue"
"Btbd9","blue"
"Gclm","blue"
"C530009C10Rik","blue"
"Capg","blue"
"2310001N14Rik","blue"
"Mapk7","blue"
"2810051F02Rik","blue"
"Spon2","blue"
"9130023D20Rik","blue"
"Kdr","blue"
"Myo1e","blue"
"Crem","blue"
"A530017F20","blue"
"Spint1","blue"
"Bat8","blue"
"Pdgfc","blue"
"Adam8","blue"
"Tm4sf10","blue"
"9030420J04Rik","blue"
"Kit","blue"
"Fndc3","blue"
"Xbp1","blue"
"Phb","blue"
"Tde2","blue"
"BC027174","blue"
"9530019H02Rik","blue"
"Plxnb1","blue"
"H2-DMa","blue"
"AI747448","blue"
"6720451F06Rik","blue"
"AI648866","blue"
"4933426L22Rik","blue"
"Gpsn2","blue"
"Sorbs1","blue"
"Masp1","blue"
"Elovl7","blue"
"Pik3r1","blue"
"Pscd2","blue"
"Wtap","blue"
"AW260467","blue"
"Ndufa6","blue"
"Tbx1","blue"
"Mpp5","blue"
"Fgd5","blue"
"Erbb3","blue"
"B2m","blue"
"Nr2c2","blue"
"Pspc1","blue"
"Rab15","blue"
"Cfh","blue"
"Myf6","blue"
"Aqr","blue"
"Slc38a3","blue"
"Igfbp7","blue"
"Camkk2","blue"
"Nol5a","blue"
"Ube2b","blue"
"Xmr","blue"
"Acvrinp1","blue"
"Clec2","blue"
"H2-Q8","blue"
"Adrb1","blue"
"Bcl6b","blue"
"Acly","blue"
"Srrm2","blue"
"Mbd3l1","blue"
"Ccl7","blue"
"2510006C20Rik","blue"
"Styx","blue"
"Prss21","blue"
"C330014B19Rik","blue"
"Ampd1","blue"
"Mgst3","blue"
"Magea7","blue"
"Lrrc25","blue"
"Rps14","blue"
"Psmb3","blue"
"Ccng1","blue"
"Mcm5","blue"
"5830416A07Rik","blue"
"C8b","blue"
"Cyfip2","blue"
"BC016235","blue"
"2700050F09Rik","blue"
"Bmp2","blue"
"Ltbr","blue"
"BC027057","blue"
"Cd22","blue"
"Scd1","blue"
"AF397014","blue"
"Mylpf","blue"
"BC025446","blue"
"Abcg2","blue"
"Gpr49","blue"
"Nrip1","blue"
"D630035O19Rik","blue"
"Smarca4","blue"
"Arid5a","blue"
"Eml5","blue"
"Fvt1","blue"
"5730496F10Rik","blue"
"Clcn2","blue"
"Pdlim4","blue"
"5830461H18Rik","blue"
"Kntc1","blue"
"Lypla1","blue"
"Pld2","blue"
"Col12a1","blue"
"Itga8","blue"
"D1Bwg0212e","blue"
"1700029I01Rik","blue"
"Tyrobp","blue"
"Zfpm1","blue"
"Ugt1a9","blue"
"Usp40","blue"
"Sct","blue"
"5033406L14Rik","blue"
"F5","blue"
"Cyp2d22","blue"
"Ccl2","blue"
"6720460F02Rik","blue"
"D2Ertd435e","blue"
"Frap1","blue"
"Slc25a20","blue"
"Slc9a2","blue"
"BC019537","blue"
"Dclre1c","blue"
"9430025M21Rik","blue"
"Ncf2","blue"
"Card11","blue"
"Abi2","blue"
"5730485H21Rik","blue"
"Stard4","blue"
"Cldn7","blue"
"Tln","blue"
"Clstn3","blue"
"6530401C20Rik","blue"
"D2Ertd145e","blue"
"Neb","blue"
"Prkca","blue"
"Cyp2c40","blue"
"Tubb4","blue"
"D030015G18Rik","blue"
"Cd86","blue"
"4930444A19Rik","blue"
"F2r","blue"
"Cds1","blue"
"Shprh","blue"
"Raet1e","blue"
"Wdfy3","blue"
"Cps1","blue"
"4732416F18","blue"
"Ela1","blue"
"B630005N14Rik","blue"
"Slc35a5","blue"
"2410195B05Rik","blue"
"Ifit2","blue"
"Gsta2","blue"
"Calb3","blue"
"2810006K23Rik","blue"
"Mitf","blue"
"Tbx15","blue"
"Cdh2","blue"
"Pdgfrb","blue"
"Lnx2","blue"
"Ly6d","blue"
"Ucp2","blue"
"Inhbb","blue"
"Rpl35","blue"
"Sctr","blue"
"Ctsd","blue"
"0610012D14Rik","blue"
"2410004P03Rik","blue"
"Slc25a15","blue"
"Wdr6","blue"
"0610011L13Rik","blue"
"Gmpr","blue"
"B3gnt1","blue"
"Mef2c","blue"
"Pms1","blue"
"Cflar","blue"
"Galm","blue"
"Sybl1","blue"
"2610018I03Rik","blue"
"Htr6","blue"
"Gnpnat1","blue"
"Slc15a1","blue"
"Vtn","blue"
"Etnk1","blue"
"Saa1","blue"
"Nsdhl","blue"
"Eps8l3","blue"
"3930402F23Rik","blue"
"Melk","blue"
"Mdfi","blue"
"Il1rap","blue"
"Tnf","blue"
"Socs3","blue"
"Enpp2","blue"
"Il1b","blue"
"Matr3","blue"
"Tgm1","blue"
"LOC224598","blue"
"Amigo","blue"
"Knsl7","blue"
"AI324046","blue"
"Hck","blue"
"Plekha4","blue"
"AA545217","blue"
"Fgf8","blue"
"4930485B16Rik","blue"
"1700001G17Rik","blue"
"Tm4sf1","blue"
"2310067G05Rik","blue"
"Mtac2d1","blue"
"Pcbp4","blue"
"Agpat4","blue"
"Tcof1","blue"
"1200015A22Rik","blue"
"Birc5","blue"
"Dia1","blue"
"Mad2l1","blue"
"BC011426","blue"
"Nolc1","blue"
"A330015D16Rik","blue"
"BC037594","blue"
"Pitpnm","blue"
"Col1a2","blue"
"Zfpm2","blue"
"Ntf5","blue"
"Erh","blue"
"Fgfr1op2","blue"
"Chek1","blue"
"A330042H22","blue"
"Lpl","blue"
"Pvrl2","blue"
"Idi1","blue"
"C1qb","blue"
"Igfbp2","blue"
"Akr1d1","blue"
"Mx1","blue"
"2310004N24Rik","blue"
"Gpm6b","blue"
"9630025I22Rik","blue"
"4831417L10","blue"
"Lnk","blue"
"Cd59a","blue"
"2610207I16Rik","blue"
"Pfkp","blue"
"Ins1","blue"
"Tmlhe","blue"
"Pdlim3","blue"
"Itih3","blue"
"Saa4","blue"
"Gsh1","blue"
"2510009E07Rik","blue"
"5430432M24Rik","blue"
"C030032C09Rik","blue"
"Tacc3","blue"
"Pilrb","blue"
"Dnaja1","blue"
"Slc3a1","blue"
"Hspa5bp1","blue"
"Nfatc1","blue"
"C80879","blue"
"Rpa3","blue"
"Slc38a2","blue"
"2900024O10Rik","blue"
"Cdh17","blue"
"Pitpnb","blue"
"Orm2","blue"
"1110011F09Rik","blue"
"1810007E14Rik","blue"
"1300018L09Rik","blue"
"BC014805","blue"
"Pparg","blue"
"Irf5","blue"
"B230315F11Rik","blue"
"Amy1","blue"
"Mpo","blue"
"Me2","blue"
"4930562N12Rik","blue"
"Hook1","blue"
"Bet1","blue"
"Gprc2a-rs1","blue"
"Bgn","blue"
"Acsl1","blue"
"Kcna5","blue"
"Slc16a2","blue"
"D430039N05Rik","blue"
"H2-Ab1","blue"
"Tfpi","blue"
"2310035M22Rik","blue"
"Zfp617","blue"
"Frzb","blue"
"Cd53","blue"
"2210401K01Rik","blue"
"Msx2","blue"
"9130211I03Rik","blue"
"Rpo1-3","blue"
"2210415F13Rik","blue"
"C1qg","blue"
"Tlr3","blue"
"Mfng","blue"
"Krt1-18","blue"
"1110014K05Rik","blue"
"Mest","blue"
"Lrp1","blue"
"Rap1a","blue"
"1700012B18Rik","blue"
"Gja1","blue"
"3526402H21Rik","blue"
"Nr5a2","blue"
"Ap3m1","blue"
"3110041P15Rik","blue"
"A130081B01","blue"
"Insm1","blue"
"Zfp97","blue"
"Car3","blue"
"Slc2a1","blue"
"Lamb3","blue"
"4930428J16Rik","blue"
"Serpinb6a","blue"
"2010110O04Rik","blue"
"Bcl9l","blue"
"A930010I20Rik","blue"
"5730521P14Rik","blue"
"Siat8d","blue"
"Cxcl5","blue"
"Trim34","blue"
"Fcer1g","blue"
"Il10rb","blue"
"Nol5","blue"
"Por","blue"
"Cfhl1","blue"
"Tm4sf13","blue"
"Pla2g6","blue"
"Agr2","blue"
"Eif5","blue"
"Slc41a3","blue"
"C230069K22Rik","blue"
"Tnfsf6","blue"
"1700003O08Rik","blue"
"Tesc","blue"
"4833415N24Rik","blue"
"2610036L13Rik","blue"
"Icosl","blue"
"Mup3","blue"
"Sema5a","blue"
"BC037112","blue"
"Nudt14","blue"
"9130422G05Rik","blue"
"2810022L02Rik","blue"
"Gpx7","blue"
"1200013A08Rik","blue"
"Mthfd2","blue"
"Plvap","blue"
"1700022L09Rik","blue"
"Ccna2","blue"
"Scoc","blue"
"Sema3d","blue"
"Fkbp5","blue"
"C1qa","blue"
"Mkln1","blue"
"Ddit4l","blue"
"Ngfa","blue"
"4833409A17Rik","blue"
"Tnfrsf18","blue"
"AF366264","blue"
"Arhgap24","blue"
"Pmvk","blue"
"Gdf10","blue"
"2010300G19Rik","blue"
"Nr3c1","blue"
"4933425F03Rik","blue"
"Brd4","blue"
"5730427N09Rik","blue"
"Zfp120","blue"
"2700084L22Rik","blue"
"Chad","blue"
"Ramp2","blue"
"1110061N23Rik","blue"
"Dmrta1","blue"
"Clca1","blue"
"Cer1","blue"
"Actr3","blue"
"Apom","blue"
"Emp3","blue"
"Cbfa2t3h","blue"
"AU041783","blue"
"2010316F05Rik","blue"
"BC014685","blue"
"Iapp","blue"
"Krt1-23","blue"
"Mug1","blue"
"Avpr1a","blue"
"Eno3","blue"
"Tuba1","blue"
"Sh3d19","blue"
"Rps8","blue"
"Zfp297b","blue"
"Mep1b","blue"
"Olfr1234","blue"
"E130201H02Rik","blue"
"Ext1","blue"
"9130017C17Rik","blue"
"2700017I06Rik","blue"
"Cpeb4","blue"
"Syk","blue"
"Dsip1","blue"
"Ces2","blue"
"E130319B15Rik","blue"
"BC032271","blue"
"Tnc","blue"
"Eml1","blue"
"Hs6st1","blue"
"Irg1","blue"
"6030408C04Rik","blue"
"Rasip1","blue"
"Gaa","blue"
"BC024139","blue"
"Emilin1","blue"
"Slc11a1","blue"
"2010300C02Rik","blue"
"Tlr2","blue"
"Apobec2","blue"
"Zic2","blue"
"Psma4","blue"
"Nfe2l2","blue"
"Ptpn18","blue"
"Bmp8b","blue"
"2610528M18Rik","blue"
"Fa2h","blue"
"Prodh","blue"
"1110030L07Rik","blue"
"Nek2","blue"
"Ppap2b","blue"
"4833426H19Rik","blue"
"Abhd3","blue"
"1700095N21Rik","blue"
"Lgals9","blue"
"AW125753","blue"
"4632417K18Rik","blue"
"2310067L16Rik","blue"
"Vwf","blue"
"Tm4sf6","blue"
"9230106F14Rik","blue"
"Bcl2l12","blue"
"1810044A24Rik","blue"
"Cxxc5","blue"
"Prkcb","blue"
"Tmem16b","blue"
"Tgfb3","blue"
"Ptprcap","blue"
"Cyp2d10","blue"
"2610304F09Rik","blue"
"Lgals3bp","blue"
"Esam1","blue"
"Atf7ip","blue"
"Mt1","blue"
"Aldh1a7","blue"
"4930579G24Rik","blue"
"Parva","blue"
"1700023B02Rik","blue"
"Rora","blue"
"Mme","blue"
"Dcn","blue"
"Fyn","blue"
"Acac","blue"
"Serpina11","blue"
"AI182371","blue"
"Gdf5","blue"
"Ly86","blue"
"Nxn","blue"
"Prss11","blue"
"Ddit3","blue"
"Arp3b","blue"
"1500034J20Rik","blue"
"Pdzk3","blue"
"Pxmp3","blue"
"1700093E07Rik","blue"
"Diras1","blue"
"Ang2","blue"
"1110020B03Rik","blue"
"BC025076","blue"
"Dixdc1","blue"
"Dact2","blue"
"Trim16","blue"
"Ela2","blue"
"Olfr599","blue"
"2810401C22Rik","blue"
"Rac2","blue"
"Lzts2","blue"
"Ppnr","blue"
"V1rc1","blue"
"Abr","blue"
"Chst12","blue"
"Olfr894","blue"
"2400003B06Rik","blue"
"H3f3a","blue"
"Nsd1","blue"
"Timm17a","blue"
"AA589507","blue"
"Lphn1","blue"
"Cbr3","blue"
"Zc3hdc8","blue"
"D6Ertd245e","blue"
"Areg","blue"
"F730047E07Rik","blue"
"Arf1","blue"
"2210404O09Rik","blue"
"1300003B13Rik","blue"
"E130307J04Rik","blue"
"Eps8l2","blue"
"Gngt2","blue"
"Hells","blue"
"Gucy1b3","blue"
"Hist1h1b","blue"
"Dok2","blue"
"BC011468","blue"
"Mrg1","blue"
"Olfr893","blue"
"BC032204","blue"
"Cygb","blue"
"Sdh1","blue"
"Pcdhb17","blue"
"1810013C15Rik","blue"
"4932432K03Rik","blue"
"Dhx9","blue"
"Dusp3","blue"
"Cyp2g1","blue"
"1110055E19Rik","blue"
"Gas2","blue"
"Tbc1d10","blue"
"Orc6l","blue"
"Atp6v1a1","blue"
"Bivm","blue"
"5730469M10Rik","blue"
"MGC59407","blue"
"Ddx41","blue"
"Tgfb1i1","blue"
"Ap2b1","blue"
"BC010552","blue"
"Galnt3","blue"
"Luc7l2","blue"
"2310067E08Rik","blue"
"Mug2","blue"
"Cd72","blue"
"6330503K22Rik","blue"
"Centd1","blue"
"Sat1","blue"
"Tinag","blue"
"Arpc2","blue"
"Elovl6","blue"
"Mpeg1","blue"
"AV312086","blue"
"Tcf21","blue"
"BC004004","blue"
"1810004F21Rik","blue"
"BC062650","blue"
"Slc35a3","blue"
"Tenc1","blue"
"Aco2","blue"
"BC052328","blue"
"Lgmn","blue"
"Cyp4b1","blue"
"Trio","blue"
"2310075C12Rik","blue"
"Cd3g","blue"
"Clcn5","blue"
"Clecsf10","blue"
"Sec14l4","blue"
"Aqp9","blue"
"Lama1","blue"
"3110037K17Rik","blue"
"Ankrd1","blue"
"Copeb","blue"
"AW112010","blue"
"D10Ucla2","blue"
"Nrp2","blue"
"Oxr1","blue"
"Rpl6","blue"
"G6pc2","blue"
"9130209A04Rik","blue"
"Cul4a","blue"
"Gabbr1","blue"
"1110032D12Rik","blue"
"Helb","blue"
"Sprrl3","blue"
"Paox","blue"
"2300002G24Rik","blue"
"Rnf11","blue"
"Fcrl3","blue"
"Tebp","blue"
"Zfp71-rs1","blue"
"Slc9a9","blue"
"D6Ertd32e","blue"
"Racgap1","blue"
"Plekhm1","blue"
"Arf4","blue"
"B4galt6","blue"
"Relb","blue"
"Pigt","blue"
"Dnclc1","blue"
"1700081L11Rik","blue"
"Chm","blue"
"Timeless","blue"
"Thrap3","blue"
"5830443L24Rik","blue"
"Ggt1","blue"
"1200013I08Rik","blue"
"2210010C04Rik","blue"
"Tjp3","blue"
"Klra2","blue"
"Nedd4","blue"
"Sfxn5","blue"
"Trem2","blue"
"Ercc4","blue"
"Ms4a3","blue"
"5730403B10Rik","blue"
"Rasgef1b","blue"
"Ctss","blue"
"Ptpro","blue"
"Punc","blue"
"Sdad1","blue"
"4930405M20Rik","blue"
"Ckmt2","blue"
"A830093I24Rik","blue"
"Cd44","blue"
"Qdpr","blue"
"Rad23a","blue"
"Pgd","blue"
"AI194318","blue"
"Arhgap21","blue"
"2810446P07Rik","blue"
"Ugp2","blue"
"Resp18","blue"
"E130318E12Rik","blue"
"4933432P15Rik","blue"
"Serpina10","blue"
"Evi5","blue"
"2610036N15Rik","blue"
"Eif3s6","blue"
"5832424M12","blue"
"Art3","blue"
"Actb","blue"
"Rchy1","blue"
"Reg3a","blue"
"Nek4","blue"
"Bcl3","blue"
"Klc2","blue"
"Ube2v2","blue"
"9530011P19Rik","blue"
"Csnk2a1","blue"
"Adrbk1","blue"
"Sult1d1","blue"
"D3Jfr1","blue"
"Pes1","blue"
"Ifitm2","blue"
"Yes","blue"
"Olfr829","blue"
"Olfr206","blue"
"Rbm9","blue"
"Pcnp","blue"
"BC065120","blue"
"BC003236","blue"
"6430401A05Rik","blue"
"1700129I15Rik","blue"
"Lmo2","blue"
"1110055J05Rik","blue"
"Brd2","blue"
"Txk","blue"
"Akap12","blue"
"Slc34a2","blue"
"Itpr3","blue"
"2010003K11Rik","blue"
"2600017H08Rik","blue"
"Fsp27","blue"
"Clca2","blue"
"Ndufb3","blue"
"Tbc1d13","blue"
"Elovl5","blue"
"3000002C10Rik","blue"
"C730021L23","blue"
"Tfap4","blue"
"Vcam1","blue"
"1500005J14Rik","blue"
"Timp3","blue"
"2310079P10Rik","blue"
"V2r2","blue"
"F11","blue"
"Nola3","blue"
"Dlgap2","blue"
"4732435N03Rik","blue"
"C730031G17","blue"
"End2","blue"
"Grb7","blue"
"AI788959","blue"
"U2af1","blue"
"2900045N06Rik","blue"
"D930050H05Rik","blue"
"Apoc3","blue"
"Fcgr3","blue"
"Mybpc2","blue"
"Cxcl16","blue"
"Apg4c","blue"
"Phkb","blue"
"Gpt2","blue"
"Mdm2","blue"
"Ube4a","blue"
"Try4","blue"
"Sgpp1","blue"
"H2afx","blue"
"Asahl","blue"
"Reg4","blue"
"Nr1d2","blue"
"Retnlb","blue"
"Igfals","blue"
"Fras1","blue"
"Igfbp3","blue"
"Nut","blue"
"Ubqln1","blue"
"Postn","blue"
"4932409F11Rik","blue"
"Arl6ip2","blue"
"D19Wsu12e","blue"
"Cyp2c55","blue"
"Cyp2c65","blue"
"Gpr124","blue"
"E330023O18","blue"
"Stk10","blue"
"Heph","blue"
"Eef1a2","blue"
"1110056A04Rik","blue"
"Ptpn8","blue"
"Ppp1r2","blue"
"2310057H16Rik","blue"
"Allc","blue"
"Clic4","blue"
"Plk2","blue"
"Gatm","blue"
"4631426J05Rik","blue"
"Ier5","blue"
"Dnajc5","blue"
"2610301F02Rik","blue"
"Vav3","blue"
"A230091H23","blue"
"Zfp533","blue"
"Dspp","blue"
"Psma2","blue"
"Fntb","blue"
"Upp1","blue"
"4933434E20Rik","blue"
"Nmnat","blue"
"Defb7","blue"
"BC005662","blue"
"Furin","blue"
"Ywhaz","blue"
"Myo10","blue"
"Catns","blue"
"Cth","blue"
"Phf17","blue"
"Ugt8","blue"
"Cul2","blue"
"5730493B19Rik","blue"
"Sim1","blue"
"4732496O19Rik","blue"
"BC037034","blue"
"Snx7","blue"
"Cdh22","blue"
"Ptprs","blue"
"Atp6v1e1","blue"
"Dedd2","blue"
"Dfy","blue"
"Tpd52","blue"
"1700061G19Rik","blue"
"4432409M07Rik","blue"
"2900005J15Rik","blue"
"Ndfip2","blue"
"Eln","blue"
"2810052M02Rik","blue"
"Hrc","blue"
"Ranbp1","blue"
"Mpp1","blue"
"E030041M21Rik","blue"
"Msr1","blue"
"Ms4a6c","blue"
"Prei3","blue"
"D11Ertd759e","blue"
"BC042593","blue"
"AW209491","blue"
"Abce1","blue"
"Pigr","blue"
"Dnttip1","blue"
"Immt","blue"
"Arl3","blue"
"Lbp","blue"
"AI931714","blue"
"Lin7a","blue"
"Aox1","blue"
"Lpxn","blue"
"Gpsm3","blue"
"Asf1b","blue"
"Sox14","blue"
"Olfr571","blue"
"2310042D19Rik","blue"
"Spry2","blue"
"Syt9","blue"
"Mapk1","blue"
"Ldb3","blue"
"Iqgap1","blue"
"Sytl2","blue"
"Ncf4","blue"
"Col6a3","blue"
"Nical","blue"
"C130044A18Rik","blue"
"Fthfd","blue"
"Pitx1","blue"
"Ethe1","blue"
"Pkd1l3","blue"
"Otop1","blue"
"Plek","blue"
"Osbpl7","blue"
"Zc3hdc3","blue"
"1300019C06Rik","blue"
"Olfm1","blue"
"Cd48","blue"
"Gpihbp1","blue"
"Lxn","blue"
"Hspd1","blue"
"4931427F14Rik","blue"
"D5Bwg0860e","blue"
"Mmrn2","blue"
"Copg","blue"
"BC038286","blue"
"1700030B17Rik","blue"
"Pcyt1a","blue"
"Smpx","blue"
"D730040F13Rik","blue"
"A530050O19Rik","blue"
"Chga","blue"
"2300002O18Rik","blue"
"Slc37a2","blue"
"Foxj1","blue"
"Akr1c12","blue"
"Glul","blue"
"2610020H15Rik","blue"
"Rps6kb1","blue"
"Th","blue"
"Myl2","blue"
"Pex11a","blue"
"Zfp292","blue"
"Stab2","blue"
"1500015O10Rik","blue"
"Gstm1","blue"
"Ace2","blue"
"A130052D22","blue"
"Gprc2a","blue"
"Ucp3","blue"
"1110036H21Rik","blue"
"1600023A02Rik","blue"
"Slc26a6","blue"
"Stat3","blue"
"Ptgs1","blue"
"Vegfb","blue"
"1200002N14Rik","blue"
"Nab2","blue"
"1500032H18Rik","blue"
"BC025600","blue"
"Odz1","blue"
"4732465I17Rik","blue"
"Nfic","blue"
"Gyk","blue"
"Unc13c","blue"
"Sema6c","blue"
"M6pr","blue"
"Sp4","blue"
"Cdkn1c","blue"
"E130113K08Rik","blue"
"Tlr7","blue"
"Sart2","blue"
"AF424697","blue"
"Spata13","blue"
"Zfp423","blue"
"2600011E07Rik","blue"
"4930451A13Rik","blue"
"Mospd2","blue"
"Ehd4","blue"
"Rohn","blue"
"2610507B11Rik","blue"
"Il10ra","blue"
"Scd2","blue"
"Rapgef4","blue"
"Synpo2","blue"
"2610312B22Rik","blue"
"Sbp","blue"
"Klhl15","blue"
"5730455P16Rik","blue"
"Slc16a10","blue"
"2510042P03Rik","blue"
"2300002A13Rik","blue"
"Ly64","blue"
"Pnliprp2","blue"
"E330008O22Rik","blue"
"Slc6a6","blue"
"Orm1","blue"
"4933403M22Rik","blue"
"Lss","blue"
"Car13","blue"
"A430056A10Rik","blue"
"Scly","blue"
"Aspa","blue"
"St14","blue"
"Tapbp","blue"
"4930483I10","blue"
"Sftpc","blue"
"4930405D01Rik","blue"
"A930008A22Rik","blue"
"Atad1","blue"
"Socs1","blue"
"Phf7","blue"
"Tmod3","blue"
"Hpxn","blue"
"Saa3","blue"
"Armcx1","blue"
"Phlda3","blue"
"5430405G24Rik","blue"
"Tnfrsf21","blue"
"Rab27b","blue"
"Slc2a6","blue"
"5430413I02Rik","blue"
"Mod1","blue"
"Gpi1","blue"
"Rplp1","blue"
"Fads1","blue"
"5830482G23Rik","blue"
"Atp5f1","blue"
"1500004A08Rik","blue"
"Nek11","blue"
"BC024988","blue"
"Dsg2","blue"
"2410030K01Rik","blue"
"Rnf125","blue"
"Gm944","blue"
"Dnajc8","blue"
"Lig1","blue"
"Cxcr3","blue"
"Gpnmb","blue"
"Clic1","blue"
"9230110M18Rik","blue"
"9930020N01","blue"
"Rab8b","blue"
"SST3","blue"
"C430014D17Rik","blue"
"Ndp52l1","blue"
"2610019A05Rik","blue"
"Zdhhc6","blue"
"Sqrdl","blue"
"D16Ertd502e","blue"
"Ccnd2","blue"
"Chrm5","blue"
"Nfkbil1","blue"
"Gpsm1","blue"
"Banp","blue"
"Pak7","blue"
"4930550B20Rik","blue"
"Calr","blue"
"2310076K21Rik","blue"
"Zfhx1b","blue"
"Ect2","blue"
"1100001D10Rik","blue"
"Sh2d2a","blue"
"Atp6v1g3","blue"
"1700019P21Rik","blue"
"Ngep","blue"
"Slpi","blue"
"Pfn2","blue"
"Ptma","blue"
"A630084M22Rik","blue"
"Zbtb7","blue"
"Spp1","blue"
"Slc33a1","blue"
"Ets1","blue"
"Tdgf1","blue"
"Tnni1","blue"
"Ran","blue"
"Golph2","blue"
"BC054822","blue"
"2310061G07Rik","blue"
"Il13ra1","blue"
"BC035291","blue"
"C130073D16Rik","blue"
"C530028O21Rik","blue"
"Klf3","blue"
"Slamf9","blue"
"Cbfa2t1h","blue"
"Klf13","blue"
"Hmox1","blue"
"Nap1l3","blue"
"2210407C18Rik","blue"
"Mobkl2b","blue"
"Birc6","blue"
"Sh3bgrl3","blue"
"Cyp2c50","blue"
"Abcd2","blue"
"Ccbl1","blue"
"Osmr","blue"
"2600006K01Rik","blue"
"4921511D23Rik","blue"
"Gmfb","blue"
"Fbxo33","blue"
"Hic1","blue"
"Mia2","blue"
"4632413K17Rik","blue"
"Pabpc4","blue"
"Zfp597","blue"
"Kbtbd10","blue"
"Kcne3","blue"
"Npm3","blue"
"Uhrf1","blue"
"Ctsb","blue"
"Ptpre","blue"
"Bok","blue"
"Matn2","blue"
"BC002059","blue"
"Ybx2","blue"
"Cd14","blue"
"1110021L09Rik","blue"
"Bmi1","blue"
"Ddx18","blue"
"Gna13","blue"
"9030622O22Rik","blue"
"Tnni2","blue"
"Golga7","blue"
"Moap1","blue"
"Mlze","blue"
"A230035L05Rik","blue"
"Nfia","blue"
"Idh1","blue"
"Gfra1","blue"
"Crebbp","blue"
"Trip13","blue"
"A230046K03Rik","blue"
"ORF9","blue"
"2010200I23Rik","blue"
"4931406C07Rik","blue"
"Tcea1","blue"
"Map4k4","blue"
"2700099C18Rik","blue"
"Tor1b","blue"
"4631422O05Rik","blue"
"Tff2","blue"
"4631416L12Rik","blue"
"Olfr1018","blue"
"Grina","blue"
"1110005L13Rik","blue"
"Bcl2a1c","blue"
"4632434I11Rik","blue"
"Mlf2","blue"
"2010001C14Rik","blue"
"Krt2-6g","blue"
"Aacs","blue"
"Slc15a3","blue"
"D8Ertd233e","blue"
"1810018L02Rik","blue"
"Bcl11b","blue"
"Gopc","blue"
"AF119384","blue"
"Emr4","blue"
"Nid2","blue"
"1600015H20Rik","blue"
"Slc35a4","blue"
"Ghitm","blue"
"Reln","blue"
"2010321J07Rik","blue"
"Egfr","blue"
"AW121567","blue"
"Scara3","blue"
"Kifc2","blue"
"Zfp395","blue"
"Trpv2","blue"
"Ncoa6ip","blue"
"CRAD-L","blue"
"Snrk","blue"
"Rnf111","blue"
"2610509H23Rik","blue"
"2810404F18Rik","blue"
"Clybl","blue"
"2510004L01Rik","blue"
"Trdn","blue"
"Tcn2","blue"
"Slc5a11","blue"
"Inpp5d","blue"
"Nkd1","blue"
"D10Jhu81e","blue"
"Upa","blue"
"Ttl","blue"
"Mmp12","blue"
"D11Ertd172e","blue"
"Semcap2","blue"
"Chgb","blue"
"Gulo","blue"
"V1re5","blue"
"Ak1","blue"
"1810048P08Rik","blue"
"Kcnk13","blue"
"1300010M03Rik","blue"
"Gpc6","blue"
"9530008L14Rik","blue"
"Csnk1e","blue"
"Il1f6","blue"
"Pgam2","blue"
"Rgs5","blue"
"2310001H12Rik","blue"
"Mll","blue"
"Tpm1","blue"
"Chml","blue"
"Olfr616","blue"
"Kif5b","blue"
"Syt13","blue"
"E130314M08Rik","blue"
"BC033606","blue"
"D330037A14Rik","blue"
"Proz","blue"
"Tff1","blue"
"4930429M06Rik","blue"
"4932407I05","blue"
"Lama4","blue"
"Cuzd1","blue"
"Qscn6","blue"
"Shcbp1","blue"
"Psmb9","blue"
"Pld3","blue"
"Copg2","blue"
"Pole4","blue"
"Stk17b","blue"
"4733401N12Rik","blue"
"Hk2","blue"
"Ncbp2","blue"
"S100a11","blue"
"Gmfg","blue"
"2310069P03Rik","blue"
"Polydom","blue"
"Armcx2","blue"
"AW555464","blue"
"Olig2","blue"
"Glg1","blue"
"Mnda","blue"
"Thrsp","blue"
"Nalp6","blue"
"AI132321","blue"
"5430425C04Rik","blue"
"Sectm1","blue"
"Ppp1cb","blue"
"Pde4b","blue"
"Abcg3","blue"
"Oxct1","blue"
"Nnmt","blue"
"Tk1","blue"
"1810007P19Rik","blue"
"6530403A03Rik","blue"
"Dhcr7","blue"
"Daf1","blue"
"Pten","blue"
"Tacstd1","blue"
"1810054O13Rik","blue"
"Papss1","blue"
"2900010J23Rik","blue"
"Bri3bp","blue"
"C430010P07Rik","blue"
"LOC224833","blue"
"Afmid","blue"
"2610311I19Rik","blue"
"Anxa3","blue"
"Antxr1","blue"
"2210008M09Rik","blue"
"Pcnxl3","blue"
"8030476J24","blue"
"Hoxa10","blue"
"5730427C23Rik","blue"
"Rfx1","blue"
"4930520C08Rik","blue"
"6330500A18Rik","blue"
"1700007H16Rik","blue"
"Synpo","blue"
"Mtss1","blue"
"Slc25a1","blue"
"Adcy1","blue"
"Sox11","blue"
"Dp1l1","blue"
"Edn1","blue"
"A430075L18Rik","blue"
"Mt4","blue"
"Abca1","blue"
"Padi2","blue"
"Zfp294","blue"
"Olfr1226","blue"
"Myl1","blue"
"Mrc1","blue"
"Rcl1","blue"
"Ccr4","blue"
"Dhx37","blue"
"Ptprb","blue"
"Mvd","blue"
"D4Ertd421e","blue"
"B230380D07Rik","blue"
"Defb5","blue"
"1190003M12Rik","blue"
"4921508O11Rik","blue"
"Slc13a3","blue"
"4930420O11Rik","blue"
"Casp4","blue"
"BC038881","blue"
"Cd5l","blue"
"E430034L04Rik","blue"
"Csf1r","blue"
"1810033A06Rik","blue"
"Ppara","blue"
"Siglec5","blue"
"Map4k6","blue"
"Csf2ra","blue"
"Sgk","blue"
"Bach1","blue"
"Utx","blue"
"Ches1","blue"
"5830445C04Rik","blue"
"Bzw1","blue"
"Slc22a7","blue"
"Hnrpl","blue"
"4833414E09Rik","blue"
"Gnmt","blue"
"Helz","blue"
"Arhgdib","blue"
"Rerg","blue"
"Bmp2k","blue"
"1110039C07Rik","blue"
"5430407P10Rik","blue"
"Rab19","blue"
"Pola1","blue"
"4833435D08Rik","blue"
"Serpina3n","blue"
"2610034N03Rik","blue"
"Slc37a4","blue"
"Tax1bp3","blue"
"Stk6","blue"
"Apg4a","blue"
"Marcks","blue"
"Entpd1","blue"
"Rrm1","blue"
"Notch1","blue"
"Enpep","blue"
"Etnk2","blue"
"Pepp3","blue"
"Crk","blue"
"Ms4a6d","blue"
"BC004701","blue"
"Hnmt","blue"
"Tslpr","blue"
"Klrd1","blue"
"Retnla","blue"
"Pole2","blue"
"9030611N15Rik","blue"
"Rap2b","blue"
"Smad5","blue"
"9430093N24Rik","blue"
"Daam2","blue"
"Cxcl1","blue"
"Mtf2","blue"
"Ephx1","blue"
"2810455K09Rik","blue"
"Nf2","blue"
"AA960558","blue"
"Pla2g1b","blue"
"Tpcn2","blue"
"Bves","blue"
"Atp5c1","blue"
"BC019977","blue"
"BC026585","blue"
"Trfr2","blue"
"Defb1","blue"
"Hoxc5","blue"
"Serpinb6b","blue"
"Bicc1","blue"
"Spnb2","blue"
"2310016C16Rik","blue"
"Klf15","blue"
"1810008K16Rik","blue"
"Gbp3","blue"
"Anxa5","blue"
"Ube2d3","blue"
"Clecsf6","blue"
"Ccl4","blue"
"Tekt1","blue"
"Mrpl45","blue"
"Smpdl3a","blue"
"D530020C15Rik","blue"
"Hrmt1l2","blue"
"Asb5","blue"
"Igsf6","blue"
"Ftsj3","blue"
"Pcyt2","blue"
"2610034E13Rik","blue"
"Rhbdl","blue"
"Unc93b","blue"
"Zfp51","blue"
"Aldh3b1","blue"
"2610036F08Rik","blue"
"Dok4","blue"
"4930432O21Rik","blue"
"Vps4a","blue"
"Ift172","blue"
"Ddx27","blue"
"6330409N04Rik","blue"
"BC011209","blue"
"Guca2b","blue"
"Oas2","blue"
"Trim12","blue"
"Dnaic1","blue"
"2410014A08Rik","blue"
"Dsg1a","blue"
"C230096C10Rik","blue"
"1700063K16Rik","blue"
"BC023892","blue"
"Tp53i11","blue"
"C820005L12Rik","blue"
"Ucn3","blue"
"Zfp40","blue"
"Map3k8","blue"
"Mphosph1","blue"
"BC067047","blue"
"C730007L20Rik","blue"
"Tomm7","blue"
"Abcg4","blue"
"Smc1l2","blue"
"Map17","blue"
"Cml2","blue"
"Gtf2h1","blue"
"Pdcd6ip","blue"
"Ccnb2","blue"
"ORF28","blue"
"Gtf2a1","blue"
"1810044O22Rik","blue"
"Rtn4","blue"
"Rgs6","blue"
"Hoxd11","blue"
"9130214H05Rik","blue"
"A930025J12Rik","blue"
"Spink4","blue"
"5430416O09Rik","blue"
"Olfr837","blue"
"Pole","blue"
"Hcn4","blue"
"Tm4sf3","blue"
"Ilf2","blue"
"Cysltr1","blue"
"Map3k5","blue"
"Lgals1","blue"
"Ccl3","blue"
"Hk1","blue"
"Sc4mol","blue"
"Spred2","blue"
"Rcn","blue"
"Usp31","blue"
"Fbxo14","blue"
"Cyp39a1","blue"
"Ehd3","blue"
"Fscn1","blue"
"Cab39","blue"
"Msh4","blue"
"A530024P18Rik","blue"
"Retn","blue"
"Lypla2","blue"
"Pgk1","blue"
"1810008K03Rik","blue"
"Ppy","blue"
"Pilra","blue"
"Ralb","blue"
"Pcoln3","blue"
"Tcf7l2","blue"
"Ctsk","blue"
"Stch","blue"
"5031414D18Rik","blue"
"Dmp1","blue"
"Gdf3","blue"
"Olfm3","blue"
"Hpgd","blue"
"Large","blue"
"Lgtn","blue"
"Arih2","blue"
"4930412F15Rik","blue"
"AI450540","blue"
"Eaf2","blue"
"Chtf18","blue"
"9030625G08Rik","blue"
"Gucy1a3","blue"
"Plxnd1","blue"
"Slc2a9","blue"
"Pdgfa","blue"
"Usmg4","blue"
"Cyba","blue"
"Egln1","blue"
"Fgb","blue"
"Gstm6","blue"
"C630011I23","blue"
"9130009C22Rik","blue"
"Psmd14","blue"
"3110045G13Rik","blue"
"Ear6","blue"
"Chst7","blue"
"Cd244","blue"
"9630054F20Rik","blue"
"Ndufa5","blue"
"Rhbdf1","blue"
"BC029169","blue"
"Ttr","blue"
"2210404O07Rik","blue"
"Ciz1","blue"
"9130017A15Rik","blue"
"Capn1","blue"
"4930430E16Rik","blue"
"Ube2g1","blue"
"Wdr10","blue"
"Car9","blue"
"9330129D05Rik","blue"
"Gnb3","blue"
"Gcg","blue"
"1110032E23Rik","blue"
"2610016F04Rik","blue"
"Mgea6","blue"
"Osbpl3","blue"
"1300007F04Rik","blue"
"Zan","blue"
"Lcat","blue"
"Slc43a1","blue"
"Anln","blue"
"Echdc1","blue"
"Dll4","blue"
"Fabp4","blue"
"2810438M17Rik","blue"
"9430059P22Rik","blue"
"Hlx","blue"
"Ppm1f","blue"
"Tceal1","blue"
"D430042O09Rik","blue"
"Arhgap18","blue"
"Pin4","blue"
"2510049J12Rik","blue"
"Ccl6","blue"
"Lama2","blue"
"Rragd","blue"
"Jam3","blue"
"2610208E05Rik","blue"
"Scarb1","blue"
"Asc","blue"
"Cpb2","blue"
"4833423E24Rik","blue"
"Olfr167","blue"
"Ywhah","blue"
"Krt2-4","blue"
"AI481100","blue"
"Adnp","blue"
"Cacna2d1","blue"
"Nfix","blue"
"Flt4","blue"
"Fath","blue"
"Ceacam1","blue"
"Cox6a2","blue"
"Ntf3","blue"
"A630077B13Rik","blue"
"Epb4.1l3","blue"
"B3bp","blue"
"Itgb1bp3","blue"
"9130227C08Rik","blue"
"Tfpi2","blue"
"Cox7c","blue"
"Rptn","blue"
"Rnase4","blue"
"5730453H04Rik","blue"
"Olfr136","blue"
"BC004056","blue"
"Trf3","blue"
"Bak1","blue"
"AI450713","blue"
"Snrpg","blue"
"Hc","blue"
"4930401A09Rik","blue"
"Cdk5rap2","blue"
"Slc8a1","blue"
"Pdcd1lg1","blue"
"AI428795","blue"
"2510038N07Rik","blue"
"Mesp1","blue"
"Foxo1","blue"
"A930014I12Rik","blue"
"1110028A07Rik","blue"
"BC036313","blue"
"6720480D16Rik","blue"
"Mcm2","blue"
"ank","blue"
"Pap","blue"
"Agxt","blue"
"Gnai2","blue"
"4931417E11Rik","blue"
"A930033C01Rik","blue"
"Flt1","blue"
"Ggh","blue"
"Adamts4","blue"
"Lsm3","blue"
"Klra5","blue"
"Ddx3x","blue"
"D8Wsu49e","blue"
"Krt1-2","blue"
"Fus","blue"
"Ugcg","blue"
"Npc1","blue"
"Qk","blue"
"Ang1","blue"
"Gpr105","blue"
"Cox7a1","blue"
"Cenpe","blue"
"Actn3","blue"
"Laptm5","blue"
"Olfr135","blue"
"Nedd9","blue"
"Rcn3","blue"
"Ins2","blue"
"2410025L10Rik","blue"
"Ankrd23","blue"
"Itgax","blue"
"Ednrb","blue"
"Vim","blue"
"Rps29","blue"
"D630042P16Rik","blue"
"1700011F14Rik","blue"
"Gt(ROSA)26Sor","blue"
"Mylip","blue"
"C630007L23Rik","blue"
"Slc25a22","blue"
"1200009O22Rik","blue"
"Cacna1s","blue"
"Cd34","blue"
"Eif4a2","blue"
"Tcfec","blue"
"Aicda","blue"
"D16H22S680E","blue"
"Ehhadh","blue"
"Fbn1","blue"
"Cdc42ep3","blue"
"Nalp9c","blue"
"Kng2","blue"
"Prp19","blue"
"Zfp216","blue"
"Psmd8","blue"
"4732415M23Rik","blue"
"Card10","blue"
"Agpat2","blue"
"4930583C14Rik","blue"
"Gp2","blue"
"4921531G14Rik","blue"
"Cyp2b9","blue"
"F630045L20Rik","blue"
"Igfbp4","blue"
"2610204L23Rik","blue"
"Acta1","blue"
"Slco3a1","blue"
"2310057J18Rik","blue"
"BC025462","blue"
"Serpinb9e","blue"
"Stat6","blue"
"AW047325","blue"
"Casp1","blue"
"Cdca1","blue"
"6430548M08Rik","blue"
"Olfr1450","blue"
"Ccl22","blue"
"Anpep","blue"
"Mtnr1a","blue"
"Mbnl2","blue"
"Trp53inp1","blue"
"Mox2r","blue"
"Fgl1","blue"
"4832426G23Rik","blue"
"Mmp10","blue"
"Myef2","blue"
"C430014M02Rik","blue"
"1700003H21Rik","blue"
"AMACO","blue"
"Enah","blue"
"Jmy","blue"
"Cyp3a41","blue"
"1810013B01Rik","blue"
"Tm7sf1","blue"
"Smc2l1","blue"
"AW146242","blue"
"Cav2","blue"
"Glp2r","blue"
"Prdc","blue"
"Ralgps1","blue"
"D15Ertd405e","blue"
"Fetub","blue"
"Stk39","blue"
"Fabp3","blue"
"D19Ertd652e","blue"
"Ap2a2","blue"
"Tkt","blue"
"Apob","blue"
"Kctd11","blue"
"Emcn","blue"
"Irf7","blue"
"Tsc2","blue"
"Serpinf2","blue"
"Znrd1","blue"
"Pdgfra","blue"
"2700017A04Rik","blue"
"Cml1","blue"
"Camp","blue"
"Cox10","blue"
"Pitpnm2","blue"
"Snf1lk","blue"
"Clca3","blue"
"Ysg2","blue"
"Ddah2","blue"
"Igf2bp3","blue"
"Sec8l1","blue"
"Madd","blue"
"Prlr","blue"
"LOC239447","blue"
"Mut","blue"
"AI842396","blue"
"0610010O12Rik","blue"
"Anxa2","blue"
"Lor","blue"
"Itln","blue"
"D11Wsu68e","blue"
"Mlp","blue"
"Nrg1","blue"
"Acacb","blue"
"Tgfbr2","blue"
"Ccnb1","blue"
"3830408P04Rik","blue"
"Serpinb11","blue"
"E030030I06Rik","blue"
"Tm4sf11","blue"
"Tnrc15","blue"
"Pcsk9","blue"
"Ireb2","blue"
"Rpo1-4","blue"
"Rhobtb1","blue"
"Tes3","blue"
"Agt","blue"
"Slco2b1","blue"
"Fgf6","blue"
"Entpd5","blue"
"Oit3","blue"
"Sds","blue"
"1110014F24Rik","blue"
"P4ha1","blue"
"Samsn1","blue"
"Eif3s10","blue"
"Btbd1","blue"
"Zfp369","blue"
"Fcgr1","blue"
"Wbp2","blue"
"Mcm6","blue"
"Cd63","blue"
"9130003O20Rik","blue"
"4933428D01Rik","blue"
"BC003277","blue"
"Nck1","blue"
"Niban","blue"
"C630028N24Rik","blue"
"B4galt1","blue"
"Dbi","blue"
"AI987662","blue"
"1700001K19Rik","blue"
"BC034753","blue"
"H1f0","blue"
"Gm1382","blue"
"Fbln5","blue"
"Kirrel2","blue"
"Bicd2","blue"
"Ung","blue"
"Pipox","blue"
"Agc1","blue"
"3110050N22Rik","blue"
"2310028N02Rik","blue"
"Acyp2","blue"
"4930543E12Rik","blue"
"2310036D22Rik","blue"
"4930568P13Rik","blue"
"BC016423","blue"
"1700025B16Rik","blue"
"Oasl1","blue"
"Phca","blue"
"Hoxc12","blue"
"Tnnc2","blue"
"Acat2","blue"
"Mlr1","blue"
"Arhgap15","blue"
"Kynu","blue"
"Hs6st3","blue"
"Calmbp1","blue"
"Acyp1","blue"
"Slc43a3","blue"
"Traf1","blue"
"Pon2","blue"
"Dck","blue"
"Fgl2","blue"
"AI604832","blue"
"2810407C02Rik","blue"
"Zfp606","blue"
"2810040O04Rik","blue"
"C330008I15Rik","blue"
"2010106E10Rik","blue"
"Tbl1x","blue"
"Irf1","blue"
"Icam2","blue"
"Pabpc1","blue"
"Rasa4","blue"
"Ktn1","blue"
"2810432L12Rik","blue"
"B230312B02Rik","blue"
"Pnliprp1","blue"
"C230081A13Rik","blue"
"Slc39a7","blue"
"Bace2","blue"
"AI317395","blue"
"Cdc25a","blue"
"Skil","blue"
"Sema6d","blue"
"Trygn16","blue"
"Npl","blue"
"Eml2","blue"
"Tlr4","blue"
"Il1r1","blue"
"2310047C17Rik","blue"
"0610039P13Rik","blue"
"Kua","blue"
"Pdcd4","blue"
"Dbt","blue"
"Flna","blue"
"Spink3","blue"
"A930021O22","blue"
"Ii","blue"
"E430025L02Rik","blue"
"S100a10","blue"
"Actr6","blue"
"Ap2m1","blue"
"2610001E17Rik","blue"
"Tnrc11","blue"
"2810468K05Rik","blue"
"BC043118","blue"
"C730048C13Rik","blue"
"AW209059","blue"
"Ppargc1b","blue"
"2610002D18Rik","blue"
"Tpm4","blue"
"Slc30a2","blue"
"H2-M3","blue"
"Btbd5","blue"
"Cyp51","blue"
"Ripk1","blue"
"Mmp27","blue"
"Ncoa4","blue"
"Peg12","blue"
"Lims1","blue"
"Zf","blue"
"AI428936","blue"
"Rhoc","blue"
"BC053460","blue"
"Zfp239","blue"
"Mrvi1","blue"
"Hmgb2","blue"
"Col4a2","blue"
"2410004L22Rik","blue"
"Mlr2","blue"
"3110079L04Rik","blue"
"AI173486","blue"
"Sin3b","blue"
"Cyp2c37","blue"
"Col14a1","blue"
"Col4a1","blue"
"Hbxip","blue"
"Acsl4","blue"
"Pbk","blue"
"Olfr918","blue"
"Phxr4","blue"
"Prg","blue"
"Wisp1","blue"
"Ctsg","blue"
"Grit","blue"
"Tcte1l","blue"
"Drctnnb1a","blue"
"1700007D05Rik","blue"
"Cldn12","blue"
"Gm316","blue"
"Aass","blue"
"AA408556","blue"
"Got1","blue"
"D10Bur2e","blue"
"Gjb2","blue"
"Gdap10","blue"
"Nup210","blue"
"Calcrl","blue"
"5830404H04Rik","blue"
"Klk6","blue"
"Cotl1","blue"
"Grpel2","blue"
"Dusp10","blue"
"Acp1","blue"
"Phxr3","blue"
"Rnu22","blue"
"2600005O03Rik","blue"
"Hils1","blue"
"BC027663","blue"
"4933428I03Rik","blue"
"Mcm4","blue"
"Sdcbp","blue"
"Acadm","blue"
"1700021K02Rik","blue"
"Pfn1","blue"
"Pafah1b1","blue"
"5730528L13Rik","blue"
"Tnfaip2","blue"
"Itgb2","blue"
"Hba-x","blue"
"Plat","blue"
"Abcc9","blue"
"Itih4","blue"
"Dnajb9","blue"
"3300002I08Rik","blue"
"BC042901","blue"
"Tat","blue"
"2610318I01Rik","blue"
"2610318G18Rik","blue"
"2310004K20Rik","blue"
"Apob48r","blue"
"Adamts10","blue"
"Vps52","blue"
"Rgs10","blue"
"Rab5a","blue"
"Slc37a1","blue"
"Fmnl2","blue"
"A530088H08Rik","blue"
"Defb4","blue"
"Mkks","blue"
"Bcl2a1b","blue"
"Bcap29","blue"
"Plac8","blue"
"Zbtb5","blue"
"Btbd7","blue"
"Dip2","blue"
"3110035E14Rik","blue"
"Cel","blue"
"Terf2","blue"
"Sesn2","blue"
"Olfr904","blue"
"Sprrl7","blue"
"Stat1","blue"
"3930401K13Rik","blue"
"Epb4.1l2","blue"
"8430416H19Rik","blue"
"Rgs3","blue"
"1700028N11Rik","blue"
"Pdlim2","blue"
"9430083G14Rik","blue"
"Nid1","blue"
"Tnip1","blue"
"Mbl1","blue"
"Cggbp1","blue"
"Fxyd5","blue"
"Rpl36a","blue"
"Mmp13","blue"
"Scnn1a","blue"
"Lrp11","blue"
"Cln2","blue"
"5430435G22Rik","blue"
"Kctd15","blue"
"Pak2","blue"
"A730019I05Rik","blue"
"Notch4","blue"
"Slc5a1","blue"
"Hey1","blue"
"Cpox","blue"
"Soat1","blue"
"E130014J05Rik","blue"
"Ckb","blue"
"Fmo2","blue"
"2810004A10Rik","blue"
"Nr1i2","blue"
"C330018J07Rik","blue"
"Atad2","blue"
"Tdo2","blue"
"Ddx25","blue"
"Serpinb12","blue"
"Pla2g4a","blue"
"P2ry12","blue"
"Thbs2","blue"
"Gcnt1","blue"
"Gabarapl1","blue"
"1700007I06Rik","blue"
"C530025K05Rik","blue"
"4933425I22Rik","blue"
"Kdelr1","blue"
"C130010K08Rik","blue"
"Tm4sf2","blue"
"Sms","blue"
"Mafa","blue"
"1600019O04Rik","blue"
"Zbtb9","blue"
"Smc4l1","blue"
"Atp2a1","blue"
"Eva","blue"
"3732412D22Rik","blue"
"Klk5","blue"
"Tcra","blue"
"Kdelr2","blue"
"Anxa13","blue"
"Scpep1","blue"
"Sfrs1","blue"
"Rpl31","blue"
"Il1rapl2","blue"
"Mylc2pl","blue"
"2310014L17Rik","blue"
"Slc6a8","blue"
"1810011E08Rik","blue"
"D19Ertd703e","blue"
"Laptm4a","blue"
"Tgfbi","blue"
"Scamp2","blue"
"Nr2f1","blue"
"Ankrd25","blue"
"Ctsc","blue"
"Bche","blue"
"Myh9","blue"
"Tulp3","blue"
"Bucs1","blue"
"D10Ertd718e","blue"
"2310043D08Rik","blue"
"Mtmr4","blue"
"Asl","blue"
"Ubd","blue"
"Gpr109b","blue"
"Foxj2","blue"
"Cckar","blue"
"Chsy1","blue"
"Guca1b","blue"
"Col5a1","blue"
"2010002N04Rik","blue"
"Rin2","blue"
"Tbx21","blue"
"2810457I06Rik","blue"
"2700055K07Rik","blue"
"Grin3b","blue"
"Arpc3","blue"
"Dkk3","blue"
"Casp12","blue"
"Slc25a10","blue"
"Pace4","blue"
"Il2rb","blue"
"Hoxb2","blue"
"Sgk2","blue"
"Cd4","blue"
"Tbc1d15","blue"
"Ptp4a1","blue"
"A830018L16Rik","blue"
"5330421F07Rik","blue"
"4932441K18","blue"
"BC013481","blue"
"Ifngr2","blue"
"1200015F23Rik","blue"
"Hey2","blue"
"Bzw2","blue"
"Midn","blue"
"mKIAA1236","blue"
"Cks1","blue"
"C030046I01Rik","blue"
"A530050D06Rik","blue"
"Maged2","blue"
"2310007F04Rik","blue"
"2610204M08Rik","blue"
"Cd68","blue"
"2010107E04Rik","blue"
"Rassf1","blue"
"Olfr307","blue"
"Hspb8","blue"
"A730024F05Rik","blue"
"Sgcd","blue"
"Ap1s2","blue"
"BC017647","blue"
"Lox","blue"
"Gale","blue"
"C79267","blue"
"2900073G15Rik","blue"
"Cbx4","blue"
"5730547N13Rik","blue"
"Trim30","blue"
"BC022133","blue"
"Abcc3","blue"
"Cgn","blue"
"Set","blue"
"Prosc","blue"
"Grasp","blue"
"Col1a1","blue"
"Mgll","blue"
"4933409L06Rik","blue"
"Nkx2-3","blue"
"Iars","blue"
"Aldh9a1","blue"
"Ptpn13","blue"
"Ndufa1","blue"
"Zfp219","blue"
"Cd2ap","blue"
"Nudt1","blue"
"Arhgap4","blue"
"1810035L17Rik","blue"
"Serpina3c","blue"
"Skiip","blue"
"Kai1","blue"
"A230106M15Rik","blue"
"Cald1","blue"
"Crat","blue"
"Ush1c","blue"
"Gca","blue"
"2600016J21Rik","blue"
"2310076E16Rik","blue"
"B230378H13Rik","blue"
"Pfkfb1","blue"
"1110012E06Rik","blue"
"Prkcd","blue"
"LOC230872","blue"
"Cts7","blue"
"Ptpns1","blue"
"1200013B08Rik","blue"
"Kcnj8","blue"
"S100a8","blue"
"Mmp2","blue"
"9430028I06Rik","blue"
"Gp49b","blue"
"Olfml3","blue"
"Glud","blue"
"Ttrap","blue"
"4631422C13Rik","blue"
"F7","blue"
"Slc7a8","blue"
"0610009B22Rik","blue"
"Hoxb4","blue"
"Zw10","blue"
"Eef1a1","blue"
"Slc6a12","blue"
"Cd36","blue"
"D330012D11Rik","blue"
"Alas2","blue"
"Mdn1","blue"
"Pde6h","blue"
"Anxa1","blue"
"Ms4a4d","blue"
"Osgepl1","blue"
"Exo1","blue"
"Fmnl3","blue"
"1200020A08Rik","blue"
"2310031L18Rik","blue"
"Adam11","blue"
"Pltp","blue"
"Sprrl1","blue"
"BC006779","blue"
"Mlf1","blue"
"5330410G16Rik","blue"
"Nova1","blue"
"D10Wsu93e","blue"
"Fkhl18","blue"
"Psip1","blue"
"Cyp4f14","blue"
"Gpr65","blue"
"Zik1","blue"
"Tjp2","blue"
"1700102P08Rik","blue"
"1200007D18Rik","blue"
"Fgfr4","blue"
"Il18bp","blue"
"Phactr4","blue"
"Paics","blue"
"D4Bwg0951e","blue"
"Fkbp7","blue"
"Sara2","blue"
"S100a9","blue"
"4432412D15Rik","blue"
"Sfrs14","blue"
"Eif4ebp2","blue"
"Trappc3","blue"
"Ela3b","blue"
"Cdc42ep1","blue"
"Ltb4dh","blue"
"Sdc4","blue"
"A430081C19Rik","blue"
"Il5ra","blue"
"4932438A13Rik","blue"
"2610005L07Rik","blue"
"Ldh2","blue"
"BC013712","blue"
"9630050M13Rik","blue"
"BC012016","blue"
"Gsk3b","blue"
"Zfpn1a3","blue"
"Ptpn23","blue"
"Nptxr","blue"
"C1d","blue"
"Gtpbp4","blue"
"Gnai1","blue"
"Lair1","blue"
"Ltbp3","blue"
"Farp1","blue"
"5730446C15Rik","blue"
"Gm644","blue"
"Serpina1a","blue"
"Cmya4","blue"
"Oprs1","blue"
"Slfn5","blue"
"1700096C12Rik","blue"
"Olfr514","blue"
"Lrfn5","blue"
"Lims2","blue"
"Gapds","blue"
"Osbpl8","blue"
"Itih1","blue"
"Myo1f","blue"
"Rnu17d","blue"
"Fhl2","blue"
"Sdpr","blue"
"Ugdh","blue"
"C630005D06Rik","blue"
"Serpina3m","blue"
"B230315M08Rik","blue"
"Leng8","blue"
"0610039C21Rik","blue"
"Lip1","blue"
"Procr","blue"
"5830415L20Rik","blue"
"Cldn15","blue"
"Psmb10","blue"
"B4galt2","blue"
"Dnajc12","blue"
"Myo9b","blue"
"5033428A16Rik","blue"
"4932431F02Rik","blue"
"5730455A04Rik","blue"
"Nol6","blue"
"Mbd1","blue"
"4732495E13Rik","blue"
"Cs","blue"
"Sox13","blue"
"Cox8b","blue"
"Cd83","blue"
"Rgs2","blue"
"2310061N23Rik","blue"
"Thpo","blue"
"Lrg1","blue"
"Abcg5","blue"
"Slc25a16","blue"
"Ogfrl1","blue"
"1500041J02Rik","blue"
"C330017I15Rik","blue"
"Scrib","blue"
"Gbe1","blue"
"Lrat","blue"
"Nfatc2ip","blue"
"Boc","blue"
"Slco1b2","blue"
"Slc39a13","blue"
"Snx10","blue"
"Olfr702","blue"
"Clecsf12","blue"
"5730454B08Rik","blue"
"BC049806","blue"
"1110025F24Rik","blue"
"Fgd6","blue"
"Crtac1","blue"
"Plagl1","blue"
